Model,Case,Core,Condition,Run,Expected code,Given code,"Error (levels, - over, + under)",Expected role,Roles,Role ok,Sheet delivered,Invalid answers,Turns,Seconds,Wait seconds,Calls,Tokens,Date,Commit
GPT_OSS_120B,01,yes,Model alone,1,ROSSO,ROSSO,0,neurologist,neurologist;cardiologist,yes,yes,0,,3.5,0.0,1,4376,2026-10-06T15:55:06,df318e1
GPT_OSS_120B,02,no,Model alone,1,ROSSO,ROSSO,0,pulmonologist,pulmonologist;cardiologist,yes,no,0,,0.9,0.0,1,4302,2026-10-06T15:55:06,df318e1
GPT_OSS_120B,03,no,Model alone,1,ROSSO,ROSSO,0,orthopedist,orthopedist;general_practitioner,yes,yes,0,,1.9,0.0,1,4262,2026-10-06T15:55:08,df318e1
GPT_OSS_120B,04,yes,Model alone,1,ARANCIONE,ROSSO,-1,cardiologist,cardiologist;general_practitioner,yes,no,0,,11.2,10.1,1,4236,2026-10-06T15:55:20,df318e1
GPT_OSS_120B,05,no,Model alone,1,ARANCIONE,ROSSO,-1,gastroenterologist,gastroenterologist;general_practitioner,yes,no,0,,7.9,6.5,1,4176,2026-10-06T15:55:27,df318e1
GPT_OSS_120B,06,no,Model alone,1,ARANCIONE,ROSSO,-1,ophthalmologist,neurologist;ophthalmologist,yes,no,0,,15.8,14.5,1,4122,2026-10-06T15:55:43,df318e1
GPT_OSS_120B,07,yes,Model alone,1,AZZURRO,ARANCIONE,-1,urologist,urologist;general_practitioner,yes,no,0,,15.7,14.4,1,4340,2026-10-06T15:55:59,df318e1
GPT_OSS_120B,08,no,Model alone,1,AZZURRO,ARANCIONE,-1,orthopedist,orthopedist;general_practitioner,yes,no,0,,15.2,14.3,1,4134,2026-10-06T15:56:14,df318e1
GPT_OSS_120B,09,no,Model alone,1,AZZURRO,AZZURRO,0,neurologist,neurologist;general_practitioner,yes,no,0,,21.2,20.1,1,4264,2026-10-06T15:56:35,df318e1
GPT_OSS_120B,10,yes,Model alone,1,VERDE,VERDE,0,gastroenterologist,gastroenterologist;general_practitioner,yes,no,0,,17.3,15.8,1,4520,2026-10-06T15:56:53,df318e1
GPT_OSS_120B,11,no,Model alone,1,VERDE,VERDE,0,ent,ent;general_practitioner,yes,yes,0,,10.0,9.0,1,4084,2026-10-06T15:57:03,df318e1
GPT_OSS_120B,12,no,Model alone,1,VERDE,VERDE,0,orthopedist,orthopedist;general_practitioner,yes,yes,0,,17.8,16.9,1,4136,2026-10-06T15:57:20,df318e1
GPT_OSS_120B,13,yes,Model alone,1,BIANCO,VERDE,-1,ent,ent;general_practitioner,yes,no,0,,13.6,12.6,1,4152,2026-10-06T15:57:34,df318e1
GPT_OSS_120B,14,no,Model alone,1,BIANCO,VERDE,-1,dermatologist,general_practitioner;dermatologist,yes,no,0,,18.3,17.0,1,4334,2026-10-06T15:57:52,df318e1
GPT_OSS_120B,15,no,Model alone,1,BIANCO,BIANCO,0,general_practitioner,general_practitioner;ent,yes,yes,0,,11.0,9.8,1,3588,2026-10-06T15:58:03,df318e1
GPT_OSS_120B,01,yes,Full system,1,ROSSO,ROSSO,0,neurologist,neurologist,yes,yes,0,7,265.2,240.2,9,86518,2026-10-06T16:31:12,df318e1
GPT_OSS_120B,02,no,Full system,1,ROSSO,ROSSO,0,pulmonologist,pulmonologist,yes,no,0,7,257.1,232.3,9,84066,2026-10-06T16:54:04,df318e1
GPT_OSS_120B,03,no,Full system,1,ROSSO,ROSSO,0,orthopedist,orthopedist;dermatologist,yes,yes,0,12,597.0,554.7,14,158598,2026-10-06T17:04:01,df318e1
GPT_OSS_120B,04,yes,Full system,1,ARANCIONE,ROSSO,-1,cardiologist,cardiologist,yes,yes,0,7,313.8,277.9,9,83990,2026-10-06T16:36:25,df318e1
GPT_OSS_120B,05,no,Full system,1,ARANCIONE,ROSSO,-1,gastroenterologist,gastroenterologist;general_practitioner,yes,yes,0,4,180.8,168.1,6,47808,2026-10-06T17:07:01,df318e1
GPT_OSS_120B,06,no,Full system,1,ARANCIONE,ROSSO,-1,ophthalmologist,ophthalmologist,yes,yes,0,7,247.7,221.3,9,80810,2026-10-06T17:12:55,df318e1
GPT_OSS_120B,07,yes,Full system,1,AZZURRO,ARANCIONE,-1,urologist,urologist,yes,yes,0,4,181.6,168.7,6,46554,2026-10-06T16:39:27,df318e1
GPT_OSS_120B,08,no,Full system,1,AZZURRO,ARANCIONE,-1,orthopedist,orthopedist,yes,yes,0,4,114.8,99.4,6,46058,2026-10-07T11:07:07,df318e1
GPT_OSS_120B,09,no,Full system,1,AZZURRO,ARANCIONE,-1,neurologist,neurologist,yes,yes,0,4,182.8,168.0,6,48020,2026-10-07T11:10:10,df318e1
GPT_OSS_120B,10,yes,Full system,1,VERDE,VERDE,0,gastroenterologist,gastroenterologist,yes,no,0,4,174.9,158.7,6,46706,2026-10-06T16:42:22,df318e1
GPT_OSS_120B,11,no,Full system,1,VERDE,VERDE,0,ent,ent,yes,yes,0,4,178.1,163.9,6,47624,2026-10-07T11:13:08,df318e1
GPT_OSS_120B,12,no,Full system,1,VERDE,BIANCO,1,orthopedist,orthopedist,yes,yes,0,4,176.9,164.5,6,45870,2026-10-07T11:16:05,df318e1
GPT_OSS_120B,13,yes,Full system,1,BIANCO,VERDE,-1,ent,ent;general_practitioner,yes,no,0,4,165.9,153.0,6,45592,2026-10-06T16:45:08,df318e1
GPT_OSS_120B,14,no,Full system,1,BIANCO,VERDE,-1,dermatologist,dermatologist,yes,yes,0,4,169.0,152.9,6,46322,2026-10-07T11:18:54,df318e1
GPT_OSS_120B,15,no,Full system,1,BIANCO,BIANCO,0,general_practitioner,pulmonologist;ent,no,yes,0,4,171.4,157.3,6,45770,2026-10-07T11:21:45,df318e1
GPT_OSS_20B,01,yes,Model alone,1,ROSSO,ROSSO,0,neurologist,neurologist;cardiologist,yes,yes,0,,4.5,0.0,1,4188,2026-10-06T15:58:44,df318e1
GPT_OSS_20B,02,no,Model alone,1,ROSSO,ROSSO,0,pulmonologist,pulmonologist;cardiologist,yes,no,0,,0.7,0.0,1,4212,2026-10-06T15:58:45,df318e1
GPT_OSS_20B,03,no,Model alone,1,ROSSO,ROSSO,0,orthopedist,orthopedist;general_practitioner,yes,yes,0,,0.8,0.0,1,4284,2026-10-06T15:58:46,df318e1
GPT_OSS_20B,04,yes,Model alone,1,ARANCIONE,ROSSO,-1,cardiologist,cardiologist,yes,no,0,,2.7,2.1,1,4096,2026-10-06T15:58:49,df318e1
GPT_OSS_20B,05,no,Model alone,1,ARANCIONE,ROSSO,-1,gastroenterologist,gastroenterologist,yes,no,0,,15.2,14.5,1,4192,2026-10-06T15:59:04,df318e1
GPT_OSS_20B,06,no,Model alone,1,ARANCIONE,ROSSO,-1,ophthalmologist,ophthalmologist;neurologist,yes,no,0,,15.9,14.9,1,4098,2026-10-06T15:59:20,df318e1
GPT_OSS_20B,07,yes,Model alone,1,AZZURRO,ROSSO,-2,urologist,urologist;general_practitioner,yes,no,0,,15.5,14.5,1,4144,2026-10-06T15:59:35,df318e1
GPT_OSS_20B,08,no,Model alone,1,AZZURRO,AZZURRO,0,orthopedist,orthopedist;general_practitioner,yes,no,0,,15.7,14.8,1,4230,2026-10-06T15:59:51,df318e1
GPT_OSS_20B,09,no,Model alone,1,AZZURRO,VERDE,1,neurologist,neurologist;general_practitioner,yes,no,0,,15.9,15.0,1,4108,2026-10-06T16:00:07,df318e1
GPT_OSS_20B,10,yes,Model alone,1,VERDE,VERDE,0,gastroenterologist,gastroenterologist;general_practitioner,yes,no,0,,17.1,15.6,1,4370,2026-10-06T16:00:24,df318e1
GPT_OSS_20B,11,no,Model alone,1,VERDE,BIANCO,1,ent,ent;general_practitioner,yes,yes,0,,14.4,13.4,1,4144,2026-10-06T16:00:38,df318e1
GPT_OSS_20B,12,no,Model alone,1,VERDE,AZZURRO,-1,orthopedist,orthopedist;general_practitioner,yes,yes,0,,16.3,14.9,1,4026,2026-10-06T16:00:55,df318e1
GPT_OSS_20B,13,yes,Model alone,1,BIANCO,AZZURRO,-2,ent,ent;general_practitioner,yes,no,0,,15.0,14.3,1,4216,2026-10-06T16:01:10,df318e1
GPT_OSS_20B,14,no,Model alone,1,BIANCO,VERDE,-1,dermatologist,orthopedist;dermatologist,yes,no,0,,15.9,14.8,1,4210,2026-10-06T16:01:25,df318e1
GPT_OSS_20B,15,no,Model alone,1,BIANCO,VERDE,-1,general_practitioner,ent;general_practitioner,yes,yes,0,,12.4,11.9,1,3532,2026-10-06T16:01:38,df318e1
GPT_OSS_20B,01,yes,Full system,1,ROSSO,ROSSO,0,neurologist,neurologist,yes,yes,0,4,114.6,97.7,6,45768,2026-10-06T17:20:42,df318e1
GPT_OSS_20B,02,no,Full system,1,ROSSO,ROSSO,0,pulmonologist,pulmonologist,yes,no,0,4,117.8,101.1,6,46482,2026-10-06T17:43:54,df318e1
GPT_OSS_20B,03,no,Full system,1,ROSSO,ARANCIONE,1,orthopedist,dermatologist;orthopedist,yes,yes,0,4,172.5,159.3,6,45986,2026-10-06T17:46:47,df318e1
GPT_OSS_20B,04,yes,Full system,1,ARANCIONE,ROSSO,-1,cardiologist,cardiologist,yes,no,0,7,304.9,285.3,9,81548,2026-10-06T17:25:47,df318e1
GPT_OSS_20B,05,no,Full system,1,ARANCIONE,ARANCIONE,0,gastroenterologist,gastroenterologist;general_practitioner,yes,yes,0,4,181.8,166.3,6,47604,2026-10-06T17:49:49,df318e1
GPT_OSS_20B,06,no,Full system,1,ARANCIONE,ROSSO,-1,ophthalmologist,ophthalmologist;neurologist,yes,no,0,4,114.4,90.6,6,45476,2026-10-07T10:31:01,df318e1
GPT_OSS_20B,07,yes,Full system,1,AZZURRO,ARANCIONE,-1,urologist,urologist,yes,yes,0,4,170.6,157.7,6,45116,2026-10-06T17:28:38,df318e1
GPT_OSS_20B,08,no,Full system,1,AZZURRO,ARANCIONE,-1,orthopedist,orthopedist,yes,no,0,4,179.0,155.4,6,47958,2026-10-07T10:34:00,df318e1
GPT_OSS_20B,09,no,Full system,1,AZZURRO,AZZURRO,0,neurologist,neurologist,yes,no,0,4,177.2,164.1,6,46750,2026-10-07T10:36:57,df318e1
GPT_OSS_20B,10,yes,Full system,1,VERDE,VERDE,0,gastroenterologist,gastroenterologist,yes,no,0,4,176.5,163.5,6,46470,2026-10-06T17:31:34,df318e1
GPT_OSS_20B,11,no,Full system,1,VERDE,VERDE,0,ent,ent,yes,yes,0,4,173.9,163.4,6,46622,2026-10-07T10:39:51,df318e1
GPT_OSS_20B,12,no,Full system,1,VERDE,VERDE,0,orthopedist,orthopedist,yes,yes,0,4,176.2,164.3,6,46732,2026-10-07T10:42:47,df318e1
GPT_OSS_20B,13,yes,Full system,1,BIANCO,BIANCO,0,ent,ent;general_practitioner,yes,no,0,4,165.6,153.1,6,44532,2026-10-06T17:34:20,df318e1
GPT_OSS_20B,14,no,Full system,1,BIANCO,VERDE,-1,dermatologist,orthopedist,no,no,0,4,176.0,164.7,6,46164,2026-10-07T10:45:43,df318e1
GPT_OSS_20B,15,no,Full system,1,BIANCO,VERDE,-1,general_practitioner,pulmonologist;ent,no,yes,0,5,208.7,194.7,7,56678,2026-10-07T10:49:12,df318e1
LLAMA3_2,01,yes,Model alone,1,ROSSO,ROSSO,0,neurologist,neurologist;cardiologist,yes,yes,0,,9.3,0.0,1,2207,2026-10-07T10:53:49,df318e1
LLAMA3_2,02,no,Model alone,1,ROSSO,ROSSO,0,pulmonologist,cardiologist,no,no,0,,4.0,0.0,1,2193,2026-10-07T10:53:53,df318e1
LLAMA3_2,03,no,Model alone,1,ROSSO,ROSSO,0,orthopedist,,no,yes,0,,3.0,0.0,1,2162,2026-10-07T10:53:56,df318e1
LLAMA3_2,04,yes,Model alone,1,ARANCIONE,ROSSO,-1,cardiologist,cardiologist,yes,no,0,,5.1,0.0,1,2128,2026-10-07T10:54:01,df318e1
LLAMA3_2,05,no,Model alone,1,ARANCIONE,ROSSO,-1,gastroenterologist,cardiologist;gastroenterologist,yes,no,0,,2.8,0.0,1,2082,2026-10-07T10:54:04,df318e1
LLAMA3_2,06,no,Model alone,1,ARANCIONE,ROSSO,-1,ophthalmologist,neurologist;ophthalmologist,yes,no,0,,4.8,0.0,1,2140,2026-10-07T10:54:09,df318e1
LLAMA3_2,07,yes,Model alone,1,AZZURRO,ARANCIONE,-1,urologist,urologist;general_practitioner,yes,no,0,,4.5,0.0,1,2109,2026-10-07T10:54:13,df318e1
LLAMA3_2,08,no,Model alone,1,AZZURRO,ROSSO,-2,orthopedist,cardiologist;orthopedist,yes,no,0,,2.9,0.0,1,2123,2026-10-07T10:54:16,df318e1
LLAMA3_2,09,no,Model alone,1,AZZURRO,ROSSO,-2,neurologist,neurologist;general_practitioner,yes,no,0,,4.2,0.0,1,2122,2026-10-07T10:54:20,df318e1
LLAMA3_2,10,yes,Model alone,1,VERDE,ARANCIONE,-2,gastroenterologist,gastroenterologist;urologist,yes,no,0,,3.9,0.0,1,2240,2026-10-07T10:54:24,df318e1
LLAMA3_2,11,no,Model alone,1,VERDE,ROSSO,-3,ent,ent;neurologist,yes,yes,0,,4.0,0.0,1,2014,2026-10-07T10:54:28,df318e1
LLAMA3_2,12,no,Model alone,1,VERDE,ROSSO,-3,orthopedist,gastroenterologist,no,yes,0,,3.2,0.0,1,2155,2026-10-07T10:54:32,df318e1
LLAMA3_2,13,yes,Model alone,1,BIANCO,ROSSO,-4,ent,neurologist;ent,yes,no,0,,4.8,0.0,1,2137,2026-10-07T10:54:36,df318e1
LLAMA3_2,14,no,Model alone,1,BIANCO,ARANCIONE,-3,dermatologist,orthopedist;cardiologist,no,no,0,,12.2,0.0,1,2141,2026-10-07T11:05:25,df318e1
LLAMA3_2,15,no,Model alone,1,BIANCO,ARANCIONE,-3,general_practitioner,ent;pulmonologist,no,yes,0,,5.5,0.0,1,1750,2026-10-07T11:05:30,df318e1
