Step,Model,Condition,Cases,Records,Exact,Within one,Under,Over,No answer,Kappa,Stable,Repeated,Specialty,Sheet seen,Invalid answers,Turns,Seconds,Wait,Calls,Tokens
1,GPT_OSS_120B,Model alone,15,15,8,15,0,7,0,0.89,0,0,15,5,0,,1.35,10.73,1.0,4201.73
1,GPT_OSS_20B,Model alone,15,15,5,13,2,8,0,0.76,0,0,15,5,0,,1.15,10.71,1.0,4136.67
1,LLAMA3_2,Model alone,15,15,4,6,0,10,1,0.19,0,0,9,5,1,,3.43,0.0,1.0,2083.4
2,GPT_OSS_120B,Full system,5,5,2,5,0,3,0,0.86,0,0,5,3,0,5.2,20.58,199.7,7.2,61872.0
2,GPT_OSS_120B,Model alone,5,5,2,5,0,3,0,0.86,0,0,5,1,0,,1.68,10.58,1.0,4324.8
2,GPT_OSS_20B,Full system,5,5,3,5,0,2,0,0.92,0,0,5,2,0,4.6,14.98,171.46,6.6,52686.8
2,GPT_OSS_20B,Model alone,5,5,2,3,0,3,0,0.61,0,0,5,1,0,,1.66,9.3,1.0,4202.8
2,LLAMA3_2,Full system,5,5,2,3,0,3,0,0.3,0,0,5,2,0,11.0,113.98,0.0,13.0,61162.0
2,LLAMA3_2,Model alone,5,5,2,2,0,2,1,0.2,0,0,4,1,1,,4.3,0.0,1.0,2132.6
3,GPT_OSS_120B,Full system,15,15,6,15,1,8,0,0.87,0,0,14,12,0,5.33,19.74,205.39,7.33,64020.4
3,GPT_OSS_120B,Model alone,15,15,8,15,0,7,0,0.89,0,0,15,5,0,,1.35,10.73,1.0,4201.73
3,GPT_OSS_20B,Full system,15,15,8,15,1,6,0,0.88,0,0,13,7,0,4.27,15.23,158.75,6.27,49325.73
3,GPT_OSS_20B,Model alone,15,15,5,13,2,8,0,0.76,0,0,15,5,0,,1.15,10.71,1.0,4136.67
3,LLAMA3_2,Full system,15,15,5,9,1,9,0,0.19,0,0,12,7,12,10.4,121.47,0.0,12.4,60148.8
3,LLAMA3_2,Model alone,15,15,4,6,0,10,1,0.19,0,0,9,5,1,,3.43,0.0,1.0,2083.4
